id,name
2,Wally
1,Pat
4,Crosby
3,Joya
5,Harlan
6,Stephanus
7,Tremayne
8,Chrissie
9,Hollie
10,Madlin
11,Corny
12,Masha
13,Hayyim
14,Karon
15,Phaidra
16,Valera
17,Theresina
18,Augusta
19,Jaquelin
20,Miran
21,Latrena
22,Drucill
23,Morey
24,Lanny
25,Marleah
26,Teressa
27,Meir
28,Matty
29,Elsworth
30,Camella
31,Iorgo
32,Rubin
33,Georgie
34,Cos
35,Lurette
36,Casper
37,Catharina
38,Hailey
39,Adora
40,Rasla
41,Lucas
42,Cchaddie
43,Rosabelle
44,Ambrosio
45,Clarabelle
46,Siusan
47,Darb
48,Glynnis
49,Devland
50,Nancy
51,Rory
52,Marius
53,Carmencita
54,Jordon
55,Fremont
56,Korie
57,Cordelia
58,Raynor
59,Devora
60,Emlyn
61,Torie
62,Darrel
63,Nissy
64,Peterus
65,Consuelo
66,Margery
67,Brocky
68,Nevile
69,Ruthe
70,Lelah
71,Anton
72,Moira
73,Pauline
74,Mufinella
75,Ezechiel
76,Merry
77,Jonell
78,Jarrid
79,Sylvia
80,Hetty
81,Fay
82,Shandie
83,Rolando
84,Bertie
85,Sharity
86,Kipp
87,Rolfe
88,Anthea
89,Rycca
90,Maddie
91,Teodor
92,Sybil
93,Armand
94,Cassondra
95,Rebecca
96,Kit
97,Fionna
98,Quinlan
99,Tasha
100,Gertruda
101,Bendix
102,Burt
103,Eldredge
104,Ber
105,Jodee
106,Marne
107,Hussein
108,Dirk
109,Shadow
110,Adrianna
111,Corabel
112,Konstantin
113,Lilyan
114,Ranee
115,Rouvin
116,Walther
117,Syman
118,Sisile
119,Dru
120,Gregory
121,Gwyn
122,Osmond
123,Ad
124,Lauritz
125,Stacia
126,Katrine
127,Valentijn
128,Solly
129,Chick
130,Ashil
131,Lida
132,Benoite
133,Maddie
134,Melanie
135,Mariana
136,Alwin
137,Waylan
138,Larina
139,Christan
140,Kingsly
141,Rosalinde
142,Cart
143,Evelina
144,Christian
145,Freedman
146,Hyman
147,Rowland
148,Marcia
149,Jecho
150,Moria
151,Consolata
152,Zerk
153,Hillary
154,Wain
155,Alphonso
156,Wadsworth
157,Sibylle
158,Hobey
159,Roddy
160,Corrie
161,Domenic
162,Hayyim
163,Grady
164,Francesca
165,Uri
166,Tobey
167,Ann
168,Nicolis
169,Hodge
170,Gilligan
171,Lennard
172,Pammi
173,Marvin
174,Hilliary
175,Kassandra
176,Ludovico
177,Eba
178,Barney
179,Lonnie
180,Arni
181,Shandeigh
182,Kath
183,Marci
184,Doria
185,Jemie
186,Christie
187,Rozella
188,Ricca
189,Octavia
190,Micheil
191,Angeline
192,Terese
193,Tine
194,Onofredo
195,Herve
196,Tedda
197,Lita
198,Cybill
199,Salvador
200,Stavros
201,Muffin
202,Aleta
203,Micaela
204,Robbert
205,Antonin
206,Kylie
207,Aylmer
208,Issiah
209,Felike
210,Alison
211,Haily
212,Grenville
213,Torry
214,Dale
215,Ezekiel
216,Georgetta
217,Cal
218,Kyrstin
219,Brennan
220,Ernie
221,Emmalee
222,Saxe
223,Gregory
224,Asia
225,Madella
226,Dud
227,Rey
228,Kore
229,Buckie
230,Fred
231,Heindrick
232,Candida
233,Justinn
234,Bonni
235,Asa
236,Gwenora
237,Stevana
238,Vi
239,Alane
240,Inglis
241,Gillan
242,Juli
243,Claudetta
244,Stacy
245,Gerry
246,Abigale
247,Jobey
248,Carol-jean
249,Glendon
250,Mata
251,Zora
252,Jere
253,Rachel
254,Zeb
255,Benoite
256,Trumaine
257,Frederich
258,Carroll
259,Becca
260,Napoleon
261,Spense
262,Kissiah
263,Bondy
264,Griffin
265,Hobart
266,Hilliary
267,Wallis
268,Benny
269,Rozella
270,Loutitia
271,Claude
272,Neddy
273,Sheela
274,Karrah
275,Randie
276,Ainslie
277,Temple
278,Cedric
279,Ailsun
280,Linette
281,Hali
282,Richy
283,Antonie
284,Case
285,Oliver
286,Morgen
287,Micheal
288,Kari
289,Giulietta
290,Karita
291,Burgess
292,Hamel
293,Maia
294,Bryce
295,Ramonda
296,Currey
297,Tallie
298,Redford
299,Jefferson
300,Kora
301,Lelia
302,Lona
303,Olia
304,Joby
305,Vina
306,Cris
307,Aidan
308,Kile
309,Mateo
310,Clio
311,Alis
312,Ann
313,Francene
314,Say
315,Carol-jean
316,Andres
317,Wren
318,Nissa
319,Dorthea
320,Harrietta
321,Dorene
322,Chan
323,Chiarra
324,Beauregard
325,Maryann
326,Clevie
327,Marrilee
328,Robin
329,Merry
330,Gloriana
331,Stephanie
332,Claudia
333,Esther
334,Josee
335,Alex
336,Jeniece
337,Francisco
338,Freddie
339,Law
340,Major
341,Ingeberg
342,Jeth
343,Gerri
344,Noreen
345,Sondra
346,Tanitansy
347,Brietta
348,Ileane
349,Virgilio
350,Hyacinthie
351,Filmer
352,Winthrop
353,Benyamin
354,Trudey
355,Burnaby
356,Samuel
357,Enrica
358,Roland
359,Ruthy
360,Culver
361,Cristobal
362,Karyl
363,Hedda
364,Marylou
365,Tannie
366,Josie
367,Somerset
368,Sawyere
369,Sammy
370,Genvieve
371,Lazar
372,Melisande
373,Jeffry
374,Olly
375,Stephani
376,Darius
377,Johannes
378,Asher
379,Rayner
380,Web
381,Eda
382,Sergei
383,Lucina
384,Jakob
385,Alexi
386,Jaquelyn
387,Berri
388,Shane
389,Obadias
390,Jonis
391,Vivianna
392,Nerti
393,Corri
394,Cosmo
395,Gaven
396,Yanaton
397,Tonnie
398,Vivia
399,Jacky
400,Gerri
401,Dale
402,Yetta
403,Jorge
404,Lock
405,Kristine
406,Erina
407,Moria
408,Valencia
409,Krisha
410,Cherilynn
411,Rasla
412,Katrinka
413,Hynda
414,Filip
415,Carey
416,Fallon
417,Gerianna
418,Gwendolyn
419,Damara
420,Warner
421,Dulcinea
422,Orville
423,Dinnie
424,Nissa
425,Lind
426,Gwenni
427,Cristy
428,Korie
429,Kimberlyn
430,Sibby
431,Catina
432,Gillian
433,Gabbie
434,D'arcy
435,Jory
436,Evey
437,Gleda
438,Agustin
439,Ulrike
440,Regen
441,Franky
442,Mitch
443,Reed
444,Franciska
445,Martica
446,Karlyn
447,Ddene
448,Fina
449,Dorella
450,Salvidor
451,Heinrik
452,Consuelo
453,Antone
454,Pattie
455,Hildagard
456,Philis
457,Fredia
458,Vevay
459,Mamie
460,Wallis
461,Hewet
462,Roscoe
463,Chevy
464,Willette
465,Egor
466,Angelika
467,Catie
468,Marjory
469,Avril
470,Persis
471,Lyman
472,Eadie
473,Gisela
474,Fara
475,Reeba
476,Joycelin
477,Anthe
478,Gaby
479,Aurelea
480,Aurthur
481,Ursuline
482,Urbano
483,Ephrem
484,Roby
485,Justinn
486,Ede
487,Osborn
488,Abbey
489,Sal
490,Ada
491,Leia
492,Mill
493,Perkin
494,Adriana
495,Tiffany
496,Davine
497,Arline
498,Prentice
499,Neddy
500,Valene
501,Suellen
502,Kahaleel
503,Serene
504,Rolando
505,Lucine
506,Beverlee
507,Dun
508,Norbert
509,Saunderson
510,Melesa
511,Odessa
512,Bethina
513,Leigh
514,Mariquilla
515,Weider
516,Enoch
517,Arie
518,Catharina
519,Morris
520,Jerrilee
521,Pincas
522,Krystyna
523,Kamillah
524,Will
525,Ricki
526,Napoleon
527,Dion
528,Guillemette
529,Linnet
530,Barbette
531,Bambi
532,Estell
533,Kinna
534,Kit
535,Gerianna
536,Fin
537,Tommy
538,Leighton
539,Rosalia
540,Lethia
541,Traci
542,Junia
543,Andra
544,Hillier
545,Sissie
546,Ebenezer
547,Mignon
548,Raddy
549,Donn
550,Tamra
551,Deerdre
552,Buckie
553,Nerissa
554,Whitney
555,Hendrik
556,Donall
557,Elizabeth
558,Melody
559,Gardener
560,Teodora
561,Lewiss
562,Danella
563,Janina
564,Eloise
565,Pren
566,Linoel
567,Demott
568,Ulberto
569,Lisette
570,Englebert
571,Virgie
572,Jany
573,Keene
574,Amble
575,Trev
576,Hakim
577,Bobbee
578,Perceval
579,Bonnee
580,Marylinda
581,Trstram
582,Mil
583,Land
584,Derron
585,Jilli
586,Gilbert
587,Boris
588,Trudy
589,Evangelin
590,Regina
591,Farrel
592,Dene
593,Rennie
594,Guglielma
595,Arel
596,Traci
597,Aimee
598,Madge
599,Godart
600,Teador
601,Ardis
602,Reynolds
603,Elliott
604,Kimmie
605,Alphard
606,Ansel
607,Noreen
608,Chandra
609,Alec
610,Emelita
611,Tommy
612,Merralee
613,Gaspard
614,Cyrillus
615,Kalila
616,Dyna
617,Frances
618,Gregorius
619,Charline
620,Kerwin
621,Lelah
622,Faydra
623,Felicdad
624,Robinet
625,Ardeen
626,Roy
627,Lou
628,Barton
629,Eberto
630,Verla
631,Claudie
632,Dannel
633,Catherina
634,Myrvyn
635,Pansy
636,Osgood
637,Shantee
638,Lemuel
639,Dottie
640,Jessika
641,Valdemar
642,Tommie
643,Paule
644,Vidovik
645,Reube
646,Clemmy
647,Cash
648,Sherlocke
649,Jesse
650,Emmi
651,Alexander
652,Tome
653,Ingelbert
654,Gretal
655,Berri
656,Perry
657,Honey
658,Loree
659,Colver
660,Corabella
661,Zerk
662,Elbertine
663,Rani
664,Niall
665,Jeanie
666,Druci
667,Belle
668,Jacquelyn
669,Justinian
670,Myrah
671,Tab
672,Robyn
673,Fredek
674,Blondie
675,Natalina
676,Thomasin
677,Erick
678,Thomasin
679,Ashla
680,Aleda
681,Phedra
682,Farris
683,Ambrosi
684,Ferdinand
685,Geraldine
686,Amye
687,Payton
688,Germayne
689,Felicdad
690,Lari
691,Yulma
692,Shoshanna
693,Harmon
694,Janette
695,Rorke
696,Ree
697,Erich
698,Brooke
699,Agnes
700,Fawne
701,Nora
702,Ciro
703,Foster
704,Gayler
705,Scot
706,Harland
707,Sylvia
708,Leodora
709,Lazare
710,Herculie
711,Carola
712,Nicoli
713,Raine
714,Reinald
715,Lothario
716,Allina
717,Aili
718,Moreen
719,Netty
720,Pier
721,Shurwood
722,Erinn
723,Dag
724,Joelly
725,Rand
726,Phillis
727,Wald
728,Farr
729,Brendis
730,Tiphanie
731,Chrissy
732,Heath
733,Rosalia
734,Meg
735,Mechelle
736,Rudd
737,Byrann
738,Fleur
739,Aubrey
740,Belita
741,Katharina
742,Glenn
743,Maddie
744,Kenon
745,Susanna
746,Giulio
747,Junia
748,Amye
749,Dev
750,Nataniel
751,Matti
752,Lisle
753,Aymer
754,Marla
755,Pablo
756,Lena
757,Emalia
758,Merrick
759,Barbara
760,Giustino
761,Thaddus
762,Serene
763,Parrnell
764,Candis
765,Neel
766,Chrissy
767,Allix
768,Joline
769,Lucien
770,Reeva
771,Lavinie
772,Linette
773,Theadora
774,Courtnay
775,Herman
776,Bernadene
777,Cal
778,Carly
779,Abby
780,Enrichetta
781,Torrence
782,Walsh
783,Flss
784,Antonius
785,Aline
786,Riki
787,Ula
788,Corabella
789,Tiffanie
790,Rosana
791,Lenna
792,Bertrando
793,Kile
794,Legra
795,Zia
796,Gregorius
797,Broddie
798,Sonnie
799,Zsazsa
800,Marline
801,Cathyleen
802,Ricca
803,Carena
804,Klarrisa
805,Opal
806,Egan
807,Nolan
808,Mathian
809,Berky
810,Peder
811,Jillana
812,Neille
813,Tina
814,Nani
815,Jody
816,Arel
817,Susannah
818,Elianore
819,Tarrance
820,Ode
821,Janos
822,Clare
823,Johnathan
824,Diego
825,Neysa
826,Vicki
827,Torry
828,Horace
829,Ronna
830,Leonanie
831,Syman
832,Stephanie
833,Royall
834,Wolf
835,Selig
836,Rennie
837,Jefferey
838,Lexi
839,Demetris
840,Mendel
841,Tyson
842,Millard
843,Burch
844,Barrie
845,Kore
846,Davin
847,Margaret
848,Junina
849,Henrieta
850,Munroe
851,Jessalyn
852,Darbee
853,Tasia
854,Kania
855,Grove
856,Wiatt
857,Elva
858,Derwin
859,Amelie
860,Nara
861,Edik
862,Tammy
863,Rebe
864,Alard
865,Andrey
866,Nikolia
867,Alix
868,Darrin
869,Carney
870,Shel
871,Cherry
872,Arni
873,Gisela
874,Ulla
875,Codi
876,Vivie
877,Stacee
878,Mohammed
879,Giuditta
880,Curran
881,Chaddy
882,Ogden
883,Crichton
884,Ibbie
885,Rosita
886,Brodie
887,Flemming
888,Fran
889,Kelwin
890,Katey
891,Twyla
892,Katalin
893,Myriam
894,Roarke
895,Judith
896,Feodor
897,Velma
898,Kimberlee
899,Karin
900,Tull
901,Bronson
902,Margalit
903,Kenny
904,Mack
905,Christina
906,Saunderson
907,Melody
908,Batsheva
909,Stearn
910,Karlens
911,Orbadiah
912,Dev
913,Sasha
914,Sheffie
915,Dore
916,Saul
917,Lauritz
918,Rollins
919,Antoine
920,Granger
921,Pet
922,Vince
923,Isidor
924,Codee
925,Linc
926,Daniella
927,Gerta
928,Agretha
929,Pinchas
930,Hubey
931,Francois
932,Cesare
933,Pierette
934,Bren
935,Ephrayim
936,Mill
937,Abbe
938,Merrili
939,Lolita
940,Dag
941,Win
942,Caprice
943,Margalit
944,Juan
945,Page
946,Kaleb
947,Salomi
948,Enid
949,Cornall
950,Helsa
951,Karoline
952,Ernaline
953,Rocky
954,Ganny
955,Allie
956,Krystle
957,Kippar
958,Gregorio
959,Zena
960,Si
961,Farly
962,Lila
963,Julita
964,Nevins
965,Fairlie
966,Marty
967,Elsa
968,Jackqueline
969,Chilton
970,Dimitri
971,Esme
972,Camila
973,Ruthy
974,Raphaela
975,Hannis
976,Flint
977,Lorry
978,Ethyl
979,Aleksandr
980,Arabella
981,Buiron
982,Adoree
983,Gisele
984,Noelle
985,Sile
986,Auguste
987,Ivy
988,Putnem
989,Ingar
990,Carver
991,Meridith
992,Goraud
993,Romy
994,Lotty
995,Egan
996,Clarissa
997,Anthe
998,Thatch
999,Kristian
1000,Jennette
